{
  "train_r2": 0.8725576438098344,
  "test_r2": 0.32105379408342005,
  "train_mae": 1.1913055555555596,
  "test_mae": 2.5565000000000153,
  "train_mse": 2.1713453611110967,
  "test_mse": 8.696010900000147,
  "cv_scores": [
    -36.26968018540017,
    -14.004376153846303,
    -4.753540860379738,
    -1.1849737589630198,
    -13.56492202166062
  ]
}